[
  {
    "distrito": "PUNTA NEGRA",
    "facturación": 36.9
  },
  {
    "distrito": "PACHACAMAC",
    "facturación": 38.3
  },
  {
    "distrito": "PUCUSANA",
    "facturación": 40.8
  },
  {
    "distrito": "MI PERU",
    "facturación": 31.9
  },
  {
    "distrito": "SAN BARTOLO",
    "facturación": 54.5
  },
  {
    "distrito": "SANTA ROSA",
    "facturación": 42.3
  },
  {
    "distrito": "VENTANILLA",
    "facturación": 57.7
  },
  {
    "distrito": "LURIGANCHO",
    "facturación": 53.5
  },
  {
    "distrito": "PUENTE PIEDRA",
    "facturación": 47.7
  },
  {
    "distrito": "CARABAYLLO",
    "facturación": 44.1
  },
  {
    "distrito": "ANCON",
    "facturación": 119.6
  },
  {
    "distrito": "PUNTA HERMOSA",
    "facturación": 64
  },
  {
    "distrito": "CHACLACAYO",
    "facturación": 45.2
  },
  {
    "distrito": "VILLA EL SALVADOR",
    "facturación": 121.3
  },
  {
    "distrito": "LURIN",
    "facturación": 73.2
  },
  {
    "distrito": "CIENEGUILLA",
    "facturación": 91.2
  },
  {
    "distrito": "VILLA MARIA DEL TRIUNFO",
    "facturación": 59
  },
  {
    "distrito": "SAN JUAN DE LURIGANCHO",
    "facturación": 67
  },
  {
    "distrito": "ATE-VITARTE",
    "facturación": 80.1
  },
  {
    "distrito": "INDEPENDENCIA",
    "facturación": 80.3
  },
  {
    "distrito": "CALLAO",
    "facturación": 79.5
  },
  {
    "distrito": "SAN JUAN DE MIRAFLORES",
    "facturación": 158
  },
  {
    "distrito": "LA PUNTA",
    "facturación": 88.6
  },
  {
    "distrito": "RIMAC",
    "facturación": 83.3
  },
  {
    "distrito": "CHORRILLOS",
    "facturación": 113.1
  },
  {
    "distrito": "COMAS",
    "facturación": 72
  },
  {
    "distrito": "EL CERCADO",
    "facturación": 163.5
  },
  {
    "distrito": "SAN MARTIN DE PORRES",
    "facturación": 83
  },
  {
    "distrito": "LA VICTORIA",
    "facturación": 134.7
  },
  {
    "distrito": "LOS OLIVOS",
    "facturación": 95.1
  },
  {
    "distrito": "LA PERLA",
    "facturación": 125
  },
  {
    "distrito": "BREóA",
    "facturación": 230.2
  },
  {
    "distrito": "BARRANCO",
    "facturación": 165
  },
  {
    "distrito": "EL AGUSTINO",
    "facturación": 85.3
  },
  {
    "distrito": "BELLAVISTA",
    "facturación": 134.9
  },
  {
    "distrito": "CARMEN DE LA LEGUA",
    "facturación": 140.7
  },
  {
    "distrito": "PUEBLO LIBRE",
    "facturación": 179.9
  },
  {
    "distrito": "LINCE",
    "facturación": 80.1
  },
  {
    "distrito": "LA MOLINA",
    "facturación": 190.6
  },
  {
    "distrito": "SAN BORJA",
    "facturación": 52.9
  },
  {
    "distrito": "SAN MIGUEL",
    "facturación": 133.2
  },
  {
    "distrito": "SANTA ANITA",
    "facturación": 113
  },
  {
    "distrito": "MAGDALENA DEL MAR",
    "facturación": 119.4
  },
  {
    "distrito": "JESUS MARóA",
    "facturación": 147.3
  },
  {
    "distrito": "SURCO",
    "facturación": 300.8
  },
  {
    "distrito": "SURQUILLO",
    "facturación": 180.4
  },
  {
    "distrito": "SAN LUIS",
    "facturación": 371.3
  },
  {
    "distrito": "SAN ISIDRO",
    "facturación": 168.1
  },
  {
    "distrito": "MIRAFLORES",
    "facturación": 157.4
  }
]
